mother,father
mother,overprotect
mother,sire
mother,fuss
mother,beget
mother,get
mother,bring forth
mother,female parent
mother,engender
mother,generate
ordered,arranged
ordered,placed
ordered,set
ordered,laid
ordered,orderly
ordered,logical
ordered,organized
ordered,successive
ordered,consecutive
ordered,serial
sail,voyage
sail,cruise
sail,navigate
sail,sweep
sail,canvass
sail,canvas
sail,sheet
sail,sailboat
sail,sailor
sail,jib
fabrics,cloth
fabrics,textile
fabrics,material
fabrics,framework
fabrics,garments
fabrics,textiles
fabrics,yarns
fabrics,fibers
fabrics,furnishings
fabrics,cloths
materials,stuff
materials,substantial
materials,fabric
materials,relevant
materials,cloth
materials,bodily
materials,worldly
materials,matter
materials,corporeal
materials,tangible
father,mother
father,forefather
father,begetter
father,padre
father,founding father
father,founder
father,sire
father,get
father,beget
father,bring forth
sire,beget
sire,mother
sire,father
sire,forefather
sire,generate
sire,engender
sire,bring forth
sire,get
sire,progenitor
sire,nobleman
fuss,ado
fuss,bother
fuss,hassle
fuss,flap
fuss,fret
fuss,stir
fuss,tiff
fuss,squabble
fuss,spat
fuss,bickering
beget,engender
beget,generate
beget,get
beget,sire
beget,mother
beget,father
beget,bring forth
beget,spawn
beget,produce
beget,procreate
get,go
get,come
get,bring
get,find
get,receive
get,make
get,obtain
get,take
get,have
get,catch
engender,generate
engender,beget
engender,spawn
engender,get
engender,breed
engender,sire
engender,bring forth
engender,father
engender,mother
engender,arouse
generate,engender
generate,get
generate,beget
generate,give
generate,yield
generate,render
generate,return
generate,sire
generate,bring forth
generate,father
arranged,organized
arranged,ordered
arranged,staged
arranged,placed
arranged,set
arranged,laid
arranged,artificial
arranged,unreal
arranged,planned
arranged,orchestrated
placed,situated
placed,located
placed,arranged
placed,ordered
placed,set
placed,settled
placed,put
placed,affixed
placed,attached
placed,erected
set,put
set,laid
set,dictated
set,arranged
set,lay
set,ready
set,determined
set,primed
set,settled
set,placed
laid,set
laid,ordered
laid,arranged
laid,kicked
laid,knocked
laid,thrown
laid,chucked
laid,put
laid,outlined
laid,buried
orderly,peaceful
orderly,tidy
orderly,systematic
orderly,lawful
orderly,coherent
orderly,consistent
orderly,regulated
orderly,logical
orderly,organized
orderly,nonrandom
logical,sensible
logical,rational
logical,reasonable
logical,legitimate
logical,coherent
logical,valid
logical,consistent
logical,discursive
logical,orderly
logical,lucid
organized,arranged
organized,formed
organized,designed
organized,regulated
organized,reorganized
organized,incorporated
organized,methodical
organized,orderly
organized,union
organized,configured
successive,consecutive
successive,sequential
successive,sequent
successive,serial
successive,ordered
successive,straight
successive,succession
successive,previous
successive,subsequent
successive,past
consecutive,straight
consecutive,successive
consecutive,uninterrupted
consecutive,continuous
consecutive,sequential
consecutive,succeeding
consecutive,sequentially
consecutive,ordered
consecutive,serial
consecutive,back-to-back
serial,sequent
serial,series
serial,sequential
serial,asynchronous
serial,successive
serial,consecutive
serial,ordered
serial,nonparallel
serial,serial publication
serial,serialized
voyage,sail
voyage,navigate
voyage,ocean trip
voyage,journey
voyage,expedition
voyage,trek
voyage,sailing
voyage,trip
voyage,cruise
voyage,flight
cruise,sail
cruise,voyage
cruise,travel
cruise,sightseeing
cruise,trips
cruise,trip
cruise,ship
cruise,boat
cruise,ride
cruise,stopover
navigate,sail
navigate,voyage
navigate,pilot
navigate,steer
navigate,navigation
navigate,browse
navigate,orient
navigate,navigational
navigate,handle
navigate,accessing
sweep,slam
sweep,tangle
sweep,broom
sweep,swing
sweep,brush
sweep,sail
sweep,span
sweep,cross
sweep,expanse
sweep,traverse
canvass,poll
canvass,sheet
canvass,sail
canvass,canvas tent
canvass,public opinion poll
canvass,solicit
canvass,gather
canvass,survey
canvass,collect
canvass,soliciting
canvas,sheet
canvas,sail
canvas,poll
canvas,canvas tent
canvas,painting
canvas,paintings
canvas,mat
canvas,cloth
canvas,paint
canvas,toile
sheet,shroud
sheet,canvas
sheet,rag
sheet,canvass
sheet,mainsheet
sheet,tack
sheet,sail
sheet,tabloid
sheet,plane
sheet,bed sheet
sailboat,sailing boat
sailboat,boat
sailboat,yacht
sailboat,sailing
sailboat,vessel
sailboat,ship
sailboat,sail
sailboat,yachting
sailboat,junk
sailboat,headscarf
sailor,crewman
sailor,boater
sailor,leghorn
sailor,straw hat
sailor,skimmer
sailor,bluejacket
sailor,panama
sailor,navy man
sailor,sailor boy
sailor,seaman
jib,jibe
jib,gybe
jib,resist
jib,baulk
jib,change course
jib,balk
jib,genoa
jib,halyards
jib,furling
jib,sail
cloth,fabric
cloth,textile
cloth,material
cloth,linen
cloth,tablecloth
cloth,fabrics
cloth,garment
cloth,blanket
cloth,robe
cloth,rag
textile,fabric
textile,cloth
textile,material
textile,garment
textile,fabrics
textile,yarn
textile,apparel
textile,fibres
textile,clothing
textile,tariff
material,stuff
material,substantial
material,fabric
material,relevant
material,cloth
material,bodily
material,worldly
material,matter
material,corporeal
material,tangible
framework,model
framework,framing
framework,frame
framework,fabric
framework,theoretical account
framework,principles
framework,template
framework,mechanism
framework,blueprint
framework,parameters
garments,apparel
garments,dress
garments,garb
garments,clothe
garments,raiment
garments,tog
garments,enclothe
garments,fit out
garments,habilitate
garments,clothing
textiles,fabric
textiles,cloth
textiles,material
textiles,garments
textiles,fabrics
textiles,fibres
textiles,fibers
textiles,clothing
textiles,cloths
textiles,clothes
yarns,tale
yarns,thread
yarns,narrative
yarns,story
yarns,narration
yarns,recital
yarns,fabrics
yarns,tales
yarns,fabrications
yarns,threads
fibers,fibre
fibers,character
fibers,vulcanized fiber
fibers,fabrics
fibers,fibres
fibers,strands
fibers,flax
fibers,textiles
furnishings,trappings
furnishings,furniture
furnishings,decor
furnishings,accessories
furnishings,fabrics
furnishings,fittings
furnishings,cabinets
furnishings,fixtures
furnishings,household
furnishings,movables
cloths,fabric
cloths,textile
cloths,material
cloths,garments
cloths,clothes
cloths,towels
cloths,robes
cloths,fabrics
cloths,dresses
cloths,textiles
stuff,hooey
stuff,whatchamacallit
stuff,material
stuff,poppycock
stuff,shove
stuff,jam
stuff,cram
stuff,lug
stuff,clobber
stuff,sundries
substantial,significant
substantial,considerable
substantial,substantive
substantial,strong
substantial,solid
substantial,real
substantial,material
substantial,essential
substantial,satisfying
substantial,hearty
fabric,cloth
fabric,textile
fabric,material
fabric,framework
fabric,tapestry
fabric,weft
fabric,yarn
fabric,woven
fabric,garment
fabric,linen
relevant,pertinent
relevant,germane
relevant,applicable
relevant,related
relevant,crucial
relevant,material
relevant,at issue
relevant,in dispute
relevant,in question
relevant,to the point
bodily,corporeal
bodily,carnal
bodily,physical
bodily,somatic
bodily,material
bodily,corporal
bodily,physiological
bodily,kinesthetic
bodily,body
bodily,godhead
worldly,materialistic
worldly,mundane
worldly,temporal
worldly,blase
worldly,sophisticated
worldly,profane
worldly,mercenary
worldly,material
worldly,economic
worldly,terrestrial
matter,issue
matter,topic
matter,thing
matter,subject
matter,affair
matter,substance
matter,weigh
matter,material
matter,count
matter,question
corporeal,bodily
corporeal,incarnate
corporeal,somatic
corporeal,physical
corporeal,embodied
corporeal,reincarnate
corporeal,material
corporeal,corporate
corporeal,corporal
corporeal,bodied
tangible,real
tangible,perceptible
tangible,palpable
tangible,concrete
tangible,realizable
tangible,touchable
tangible,obvious
tangible,tactile
tangible,physical
tangible,material
forefather,father
forefather,sire
forefather,ancestor
forefather,descendant
forefather,foremother
forefather,grandfather
forefather,progenitor
forefather,lineage
forefather,birthplace
forefather,colonist
padre,father
padre,holy joe
padre,military chaplain
padre,sky pilot
padre,chaplain
padre,chaplains
padre,chaplaincy
padre,priest
padre,reverend
padre,sergeant
founder,founding father
founder,father
founder,laminitis
founder,cave in
founder,collapse
founder,fall in
founder,flop
founder,beginner
founder,give
founder,fall flat
progenitor,primogenitor
progenitor,ancestor
progenitor,forerunner
progenitor,precursor
progenitor,ancestral
progenitor,sire
progenitor,ancestry
progenitor,isolates
progenitor,strains
progenitor,predecessor
nobleman,lord
nobleman,noble
nobleman,aristocrat
nobleman,earl
nobleman,gentleman
nobleman,sharif
nobleman,sire
nobleman,sir
nobleman,peer
ado,fuss
ado,stir
ado,hustle
ado,flurry
ado,bustle
ado,brouhaha
ado,hubbub
ado,buzz
ado,foofaraw
ado,formality
bother,annoy
bother,irritate
bother,vex
bother,fuss
bother,rile
bother,trouble
bother,hassle
bother,annoyance
bother,botheration
bother,inconvenience
hassle,fuss
hassle,bother
hassle,trouble
hassle,chivvy
hassle,harry
hassle,chevvy
hassle,plague
hassle,harass
hassle,molest
hassle,tussle
flap,fuss
flap,flutter
flap,fluttering
flap,flopping
flap,undulate
flap,tizzy
flap,pother
flap,dither
flap,wave
flap,beat
fret,chafe
fret,fuss
fret,rankle
fret,erode
fret,lather
fret,grate
fret,stew
fret,rub
fret,sweat
fret,choke
stir,arouse
stir,agitate
stir,commotion
stir,excite
stir,shake
stir,conjure
stir,fuss
stir,flurry
stir,stimulate
stir,disruption
tiff,spat
tiff,squabble
tiff,bickering
tiff,bicker
tiff,fuss
tiff,quarrel
tiff,snit
tiff,row
tiff,lou
tiff,tif
squabble,tiff
squabble,bickering
squabble,spat
squabble,bicker
squabble,fuss
squabble,quibble
squabble,niggle
squabble,brabble
squabble,pettifog
squabble,dispute
spat,tiff
spat,squabble
spat,bickering
spat,bicker
spat,fuss
spat,clap
spat,acclaim
spat,applaud
spat,gaiter
spat,dispute
bickering,squabble
bickering,tiff
bickering,spat
bickering,fuss
bickering,squabbling
bickering,infighting
bickering,wrangling
bickering,feud
bickering,quibbling
bickering,quarrel
spawn,engender
spawn,breed
spawn,beget
spawn,create
spawn,reproduce
spawn,brood
spawn,generate
spawn,offspring
spawn,occur
spawn,breeding
produce,create
produce,develop
produce,make
produce,get
produce,grow
produce,acquire
produce,raise
produce,farm
produce,bring out
produce,bring about
procreate,reproduce
procreate,multiply
procreate,beget
procreate,mate
procreate,breed
go,get
go,move
go,proceed
go,run
go,turn
go,start
go,live
go,work
go,pass
go,travel
come,get
come,do
come,arrive
come,follow
come,occur
come,fall
come,descend
come,derive
come,hail
come,fare
bring,add
bring,get
bring,contribute
bring,take
bring,impart
bring,lend
bring,convey
bring,wreak
bring,bestow
bring,work
find,discover
find,see
find,get
find,obtain
find,determine
find,ascertain
find,retrieve
find,feel
find,uncovering
find,detect
receive,obtain
receive,get
receive,incur
receive,welcome
receive,undergo
receive,find
receive,invite
receive,meet
receive,have
receive,encounter
make,get
make,give
make,create
make,produce
make,do
make,prepare
make,build
make,establish
make,reach
make,take
obtain,receive
obtain,get
obtain,find
obtain,hold
obtain,incur
obtain,prevail
obtain,procure
obtain,provide
obtain,attain
obtain,collect
take,hold
take,carry
take,get
take,bring
take,assume
take,accept
take,consider
take,submit
take,make
take,involve
catch,grab
catch,get
catch,snatch
catch,overtake
catch,watch
catch,stop
catch,capture
catch,see
catch,snap
catch,haul
breed,spawn
breed,engender
breed,multiply
breed,variety
breed,strain
breed,stock
breed,cover
breed,half-breed
breed,species
breed,lineage
arouse,provoke
arouse,elicit
arouse,evoke
arouse,rouse
arouse,excite
arouse,stir
arouse,kindle
arouse,awaken
arouse,enkindle
arouse,stimulate
give,make
give,hold
give,impart
give,have
give,apply
give,leave
give,pay
give,establish
give,devote
give,contribute
yield,generate
yield,fruit
yield,payoff
yield,return
yield,pay
yield,output
yield,concede
yield,render
yield,give
yield,succumb
render,provide
render,deliver
render,interpret
render,furnish
render,give
render,generate
render,submit
render,forgo
render,yield
render,waive
return,rejoin
return,revert
return,comeback
return,homecoming
return,refund
return,repay
return,take
return,payoff
return,regaining
return,pass
staged,arranged
staged,unreal
staged,artificial
staged,organized
staged,orchestrated
staged,held
staged,performed
staged,hosted
staged,waged
staged,conducted
artificial,synthetic
artificial,unnatural
artificial,ersatz
artificial,contrived
artificial,faux
artificial,fake
artificial,unreal
artificial,colored
artificial,false
artificial,factitious
unreal,surreal
unreal,fantastic
unreal,dreamlike
unreal,illusionary
unreal,fabulous
unreal,fantastical
unreal,imaginary
unreal,illusory
unreal,ethereal
unreal,fanciful
planned,proposed
planned,plotted
planned,designed
planned,conceived
planned,projected
planned,prearranged
planned,premeditated
planned,formed
planned,predetermined
planned,contrived
orchestrated,masterminded
orchestrated,engineered
orchestrated,coordinated
orchestrated,plotted
orchestrated,staged
orchestrated,organized
orchestrated,arranged
orchestrated,premeditated
orchestrated,led
orchestrated,planned
situated,located
situated,placed
situated,settled
situated,set
situated,sited
situated,nestled
situated,constructed
situated,housed
situated,built
situated,erected
located,situated
located,placed
located,set
located,settled
located,housed
located,sited
located,adjacent
located,headquartered
located,relocated
located,nestled
settled,resettled
settled,relocated
settled,established
settled,set
settled,dictated
settled,situated
settled,formed
settled,calm
settled,effected
settled,inhabited
put,lay
put,set
put,place
put,assign
put,arrange
put,pose
put,commit
put,invest
put,frame
put,cast
affixed,pasted
affixed,mounted
affixed,glued
affixed,appendant
affixed,basifixed
affixed,attached
affixed,fastened
affixed,stamped
affixed,placed
affixed,inserted
attached,connected
attached,related
attached,involved
attached,intended
attached,affianced
attached,affiliated
attached,sessile
attached,betrothed
attached,related to
attached,engaged
erected,constructed
erected,installed
erected,built
erected,situated
erected,inaugurated
erected,placed
erected,mounted
erected,established
erected,created
erected,located
dictated,determined
dictated,set
dictated,settled
dictated,influenced
dictated,governed
dictated,driven
dictated,dominated
dictated,controlled
dictated,necessitated
dictated,specified
lay,put
lay,set
lay,repose
lay,pose
lay,secular
lay,place
lay,ballad
lay,position
lay,laic
lay,profane
ready,primed
ready,prepared
ready,willing
ready,prepare
ready,waiting
ready,fit
ready,ripe
ready,quick
ready,set
ready,make
determined,ascertained
determined,dictated
determined,discovered
determined,set
determined,stubborn
determined,resolute
determined,observed
determined,driven
determined,settled
determined,ambitious
primed,ready
primed,fit
primed,set
primed,prepared
primed,conditioned
primed,begun
primed,packaged
primed,sensitized
primed,undertaken
primed,started
kicked,booted
kicked,knocked
kicked,punched
kicked,broke
kicked,pulled
kicked,smashed
kicked,turned
kicked,slammed
kicked,chased
kicked,chucked
knocked,hit
knocked,kicked
knocked,struck
knocked,pulled
knocked,slammed
knocked,toppled
knocked,punched
knocked,shoved
knocked,beaten
knocked,slugged
thrown,tangled
thrown,down
thrown,thrown and twisted
thrown,tossed
thrown,hurled
thrown,flung
thrown,dumped
thrown,heaved
thrown,ejected
thrown,put
chucked,tossed
chucked,threw
chucked,dumped
chucked,turned
chucked,kicked
chucked,dropped
chucked,laid
chucked,confused
chucked,cast
chucked,throwed
outlined,defined
outlined,distinct
outlined,summarized
outlined,elaborated
outlined,sketched
outlined,discussed
outlined,enunciated
outlined,described
outlined,highlighted
outlined,articulated
buried,interred
buried,hidden
buried,concealed
buried,belowground
buried,inhumed
buried,burial
buried,dumped
buried,unburied
buried,dead
buried,smothered
peaceful,peaceable
peaceful,nonviolent
peaceful,tranquil
peaceful,serene
peaceful,calm
peaceful,orderly
peaceful,undisturbed
peaceful,pacifist
peaceful,irenic
peaceful,pacifistic
tidy,neat
tidy,uncluttered
tidy,kempt
tidy,respectable
tidy,neaten
tidy,shipshape
tidy,orderly
tidy,hefty
tidy,goodish
tidy,trim
systematic,systematized
systematic,nonrandom
systematic,orderly
systematic,tabular
systematic,in order
systematic,so
systematic,methodical
systematic,deliberate
systematic,thorough
systematic,systemized
lawful,legitimate
lawful,legal
lawful,licit
lawful,orderly
lawful,rightful
lawful,regular
lawful,true
lawful,observant
lawful,law-abiding
lawful,rule-governed
coherent,lucid
coherent,rational
coherent,consistent
coherent,seamless
coherent,logical
coherent,orderly
coherent,tenacious
coherent,adhesive
coherent,ordered
coherent,cohesive
consistent,coherent
consistent,unchanging
consistent,logical
consistent,agreeable
consistent,concordant
consistent,conformable
consistent,reproducible
consistent,orderly
consistent,duplicatable
consistent,duplicable
regulated,organized
regulated,orderly
regulated,ordered
regulated,thermostated
regulated,unregulated
regulated,governed
regulated,policed
regulated,regulation
regulated,regulator
regulated,controlled
sensible,commonsense
sensible,prudent
sensible,commonsensical
sensible,reasonable
sensible,logical
sensible,thoughtful
sensible,wise
sensible,judicious
sensible,tenable
sensible,intelligent
rational,sane
rational,reasonable
rational,logical
rational,reasoning
rational,intelligent
rational,coherent
rational,intellectual
rational,lucid
rational,thinking
rational,mental
reasonable,sensible
reasonable,rational
reasonable,fair
reasonable,logical
reasonable,tenable
reasonable,sane
reasonable,commonsensical
reasonable,commonsense
reasonable,healthy
reasonable,moderate
legitimate,lawful
legitimate,valid
legitimate,legitimize
legitimate,true
legitimate,legal
legitimate,legitimatize
legitimate,logical
legitimate,rightful
legitimate,licit
legitimate,morganatic
valid,legitimate
valid,validated
valid,logical
valid,unexpired
valid,reasoned
valid,binding
valid,legal
valid,sound
valid,well-grounded
valid,invalid
discursive,digressive
discursive,rambling
discursive,logical
discursive,indirect
discursive,dianoetic
discursive,excursive
lucid,coherent
lucid,sane
lucid,pellucid
lucid,rational
lucid,limpid
lucid,perspicuous
lucid,crystalline
lucid,clear
lucid,crystal clear
lucid,transparent
formed,developed
formed,organized
formed,conceived
formed,molded
formed,settled
formed,shaped
formed,defined
formed,planned
formed,perfected
formed,wrought
designed,configured
designed,planned
designed,fashioned
designed,organized
designed,premeditated
designed,intentional
designed,studied
designed,intended
designed,engineered
designed,devised
reorganized,organized
reorganized,realigned
reorganized,reconfigured
reorganized,overhauled
reorganized,reconstituted
reorganized,revamped
reorganized,streamlined
reorganized,redesigned
reorganized,reshaped
reorganized,rearranged
incorporated,merged
incorporated,integrated
incorporated,organized
incorporated,unified
incorporated,corporate
incorporated,united
incorporated,implemented
incorporated,subsumed
incorporated,transposed
incorporated,integrate
methodical,organized
methodical,meticulous
methodical,businesslike
methodical,thorough
methodical,systematic
methodical,deliberate
methodical,disciplined
methodical,careful
methodical,rigorous
methodical,orderly
union,unionized
union,trades union
union,trade union
union,marriage
union,brotherhood
union,matrimony
union,organized
union,wedlock
union,federal
union,unification
configured,designed
configured,organized
configured,configuration
configured,settings
configured,setup
configured,defined
configured,structured
configured,shaped
configured,altered
configured,established
sequential,sequent
sequential,serial
sequential,successive
sequential,consecutive
sequential,ordered
sequential,incremental
sequential,gradual
sequential,stepwise
sequential,sequencing
sequential,chronological
sequent,consequent
sequent,sequential
sequent,serial
sequent,resultant
sequent,subsequent
sequent,resulting
sequent,successive
sequent,ensuant
sequent,consecutive
sequent,ordered
straight,consecutive
straight,right
straight,flat
straight,unbent
straight,straightaway
straight,uninterrupted
straight,tidy
straight,neat
straight,untwisted
straight,even
succession,chronological sequence
succession,sequence
succession,taking over
succession,chronological succession
succession,ecological succession
succession,successiveness
succession,successive
succession,throne
succession,successor
succession,string
previous,preceding
previous,past
previous,late
previous,early
previous,old
previous,former
previous,premature
previous,earlier
previous,pervious
previous,last
subsequent,resulting
subsequent,consequent
subsequent,resultant
subsequent,later
subsequent,future
subsequent,sequent
subsequent,ulterior
subsequent,ensuant
subsequent,ensuing
subsequent,following
past,recent
past,last
past,ago
past,previous
past,preceding
past,earlier
past,once
past,gone
past,then
past,yore
uninterrupted,continuous
uninterrupted,unbroken
uninterrupted,continual
uninterrupted,nonstop
uninterrupted,unceasing
uninterrupted,endless
uninterrupted,ceaseless
uninterrupted,unremitting
uninterrupted,constant
uninterrupted,incessant
continuous,continual
continuous,constant
continuous,uninterrupted
continuous,ceaseless
continuous,unceasing
continuous,incessant
continuous,unremitting
continuous,endless
continuous,perpetual
continuous,nonstop
succeeding,future
succeeding,incoming
succeeding,consecutive
succeeding,post
succeeding,next
succeeding,following
succeeding,in line
succeeding,apres-ski
succeeding,back-to-back
succeeding,ensuing
sequentially,consecutive
sequentially,correspondingly
sequentially,successively
sequentially,accordingly
sequentially,consecutively
sequentially,alternately
sequentially,sequence
sequentially,forth
sequentially,regularly
sequentially,correlatively
back-to-back,consecutive
back-to-back,succeeding
back-to-back,continued
back-to-back,continuing
back-to-back,continuous
back-to-back,directly
back-to-back,incessant
back-to-back,linked
back-to-back,match
back-to-back,repeated
series,serial
series,world series
series,serial publication
series,string
series,slew
series,spate
series,dramas
series,episode
series,flurry
series,host
asynchronous,unsynchronized
asynchronous,serial
asynchronous,anachronistic
asynchronous,allochronic
asynchronous,anachronic
asynchronous,anachronous
asynchronous,nonparallel
asynchronous,nonsynchronous
asynchronous,unsynchronous
asynchronous,synchronous
serialized,serial
serialized,series
serialized,standard
serialized,suite
serialized,instalment
serialized,stock
serialized,serialise
serialized,scripted
serialized,printed
serialized,paginated
journey,travel
journey,odyssey
journey,trek
journey,voyage
journey,trip
journey,excursion
journey,quest
journey,adventures
journey,adventure
journey,voyages
expedition,excursion
expedition,jaunt
expedition,junket
expedition,outing
expedition,dispatch
expedition,sashay
expedition,expeditiousness
expedition,hostile expedition
expedition,military expedition
expedition,pleasure trip
trek,journey
trek,trip
trek,odyssey
trek,excursion
trek,voyage
trek,expedition
trek,ride
trek,adventure
trek,walk
trek,touring
sailing,seafaring
sailing,gliding
sailing,glide
sailing,navigation
sailing,afloat
sailing,soaring
sailing,at sea
sailing,sailplaning
sailing,yachting
sailing,sailboat
trip,jaunt
trip,travel
trip,tripper
trip,stumble
trip,misstep
trip,slip
trip,set off
trip,spark
trip,activate
trip,turn on
flight,flying
flight,fledge
flight,escape
flight,trajectory
flight,flight of stairs
flight,flight of steps
flight,plane
flight,airplane
flight,takeoff
flight,jet
travel,trip
travel,journey
travel,jaunt
travel,go
travel,move
travel,locomotion
travel,change of location
travel,locomote
travel,travelers
travel,trips
sightseeing,rubber-necking
sightseeing,excursion
sightseeing,tourist
sightseeing,trip
sightseeing,hiking
sightseeing,cruise
sightseeing,travel
sightseeing,tour
sightseeing,stroll
sightseeing,touristic
trips,jaunt
trips,travel
trips,tripper
trips,stumble
trips,misstep
trips,slip
trips,set off
trips,spark
trips,activate
trips,turn on
ship,transport
ship,send
ship,vessel
ship,warship
ship,freighter
ship,vessels
ship,boat
ship,frigate
ship,trawler
ship,battleship
boat,sauceboat
boat,gravy boat
boat,sailboat
boat,motorboat
boat,dinghy
boat,canoe
boat,skiff
boat,kayak
boat,speedboat
boat,yacht
ride,drive
ride,sit
ride,mount
ride,rally
ride,tease
ride,taunt
ride,twit
ride,bait
ride,rag
ride,tantalize
stopover,layover
stopover,stop
stopover,visit
stopover,visits
stopover,landing
stopover,cruise
stopover,appearance
stopover,port
stopover,stay
stopover,transit
pilot,fly
pilot,experimental
pilot,model
pilot,test
pilot,trial
pilot,cowcatcher
pilot,pilot program
pilot,original
pilot,navigate
pilot,archetype
steer,guide
steer,maneuver
steer,manouevre
steer,direct
steer,bullock
steer,hint
steer,wind
steer,lead
steer,tip
steer,head
navigation,pilotage
navigation,sailing
navigation,piloting
navigation,seafaring
navigation,nav
navigation,navigating
navigation,navigator
navigation,navigate
navigation,navigable
navigation,navigability
browse,graze
browse,shop
browse,range
browse,pasture
browse,crop
browse,peruse
browse,scroll
browse,select
browse,wander
browse,navigate
orient,orientate
orient,reorient
orient,east
orient,eastern
orient,eastern hemisphere
orient,point
orient,change orientation
orient,familiarize
orient,acclimatize
orient,orientation
navigational,pilotage
navigational,navigator
navigational,navigating
navigational,nautical
navigational,navigate
navigational,boating
navigational,maritime
navigational,sailing
navigational,sea
navigational,waterway
handle,manage
handle,wield
handle,hold
handle,treat
handle,deal
handle,grip
handle,work
handle,cover
handle,plow
handle,address
accessing,obtaining
accessing,accessible
accessing,entering
accessing,navigate
accessing,obtain
accessing,accessibility
accessing,securing
accessing,available
accessing,acquiring
accessing,getting
slam,bang
slam,shot
slam,sweep
slam,gibe
slam,thrash
slam,jibe
slam,dig
slam,barb
slam,mosh
slam,shaft
tangle,entangle
tangle,snarl
tangle,sweep
tangle,tousle
tangle,embroil
tangle,ravel
tangle,complication
tangle,knot
tangle,mat
tangle,drag
broom,sweep
broom,heather
broom,ling
broom,calluna vulgaris
broom,scots heather
broom,broomstick
broom,dustpan
broom,shovel
broom,stick
broom,mop
swing,sway
swing,lilt
swing,sweep
swing,jive
swing,drop
swing,cut
swing,dangle
swing,get around
swing,baseball swing
swing,golf shot
brush,brushwood
brush,thicket
brush,sweep
brush,coppice
brush,copse
brush,skirmish
brush,encounter
brush,kiss
brush,clash
brush,light touch
span,bridge
span,traverse
span,couple
span,sweep
span,pair
span,twain
span,cross
span,straddle
span,couplet
span,dyad
cross,traverse
cross,crisscross
cross,mark
cross,intersect
cross,transversal
cross,track
cross,thwart
cross,crossbreeding
cross,sweep
cross,hybridization
expanse,area
expanse,extent
expanse,sweep
expanse,surface area
expanse,vastness
expanse,ocean
expanse,scope
expanse,sea
expanse,surface
expanse,breadth
traverse,cross
traverse,traversal
traverse,span
traverse,crossbeam
traverse,trave
traverse,cover
traverse,sweep
traverse,crosspiece
traverse,transom
traverse,track
poll,canvass
poll,canvas
poll,crown
poll,pollard
poll,poll parrot
poll,public opinion poll
poll,pate
poll,survey
poll,surveys
poll,surveyed
solicit,woo
solicit,accost
solicit,beg
solicit,tap
solicit,court
solicit,romance
solicit,obtain
solicit,seek
solicit,garner
solicit,collect
gather,congregate
gather,collect
gather,assemble
gather,amass
gather,garner
gather,accumulate
gather,meet
gather,understand
gather,infer
gather,cumulate
survey,study
survey,review
survey,view
survey,sketch
survey,appraise
survey,follow
survey,go over
survey,resume
survey,sight
survey,poll
collect,gather
collect,amass
collect,accumulate
collect,collate
collect,compile
collect,garner
collect,owed
collect,hoard
collect,congregate
collect,pick up
soliciting,solicitations
soliciting,seeking
soliciting,solicitation
soliciting,obtaining
soliciting,luring
soliciting,collecting
soliciting,procuring
soliciting,requesting
soliciting,asking
soliciting,pimping
painting,picture
painting,house painting
painting,painter
painting,mural
painting,artwork
painting,portrait
painting,canvas
painting,art
painting,artist
painting,fresco
paintings,picture
paintings,house painting
paintings,canvases
paintings,portraits
paintings,nudes
paintings,painters
paintings,murals
paintings,watercolours
paintings,drawings
paintings,canvasses
mat,matt
mat,tangle
mat,flat
mat,matte
mat,entangle
mat,flatness
mat,felt
mat,snarl
mat,dull
mat,felt up
paint,blusher
paint,rouge
paint,repaint
paint,varnish
paint,paintwork
paint,graffiti
paint,color
paint,lacquer
paint,enamel
paint,dye
toile,cloth
toile,canvas
toile,weave
toile,web
toile,damask
toile,chinoiserie
toile,coverlet
toile,chintz
toile,oilcloth
toile,linen
shroud,pall
shroud,enshroud
shroud,hide
shroud,sheet
shroud,cover
shroud,mainsheet
shroud,tack
shroud,cerement
shroud,weather sheet
shroud,winding-clothes
rag,twit
rag,tabloid
rag,nark
rag,tatter
rag,crucify
rag,shred
rag,bait
rag,taunt
rag,lambast
rag,devil
mainsheet,tack
mainsheet,shroud
mainsheet,sheet
mainsheet,weather sheet
mainsheet,centreboard
mainsheet,backstay
mainsheet,forestay
mainsheet,jib
mainsheet,mainsail
mainsheet,headsail
tack,mainsheet
tack,saddlery
tack,sheet
tack,shroud
tack,stable gear
tack,wear ship
tack,weather sheet
tack,approach
tack,course
tack,gambit
tabloid,rag
tabloid,sheet
tabloid,yellow journalism
tabloid,sensationalist
tabloid,sensational
tabloid,scandals
tabloid,yellowcake
tabloid,popular
tabloid,yellow
plane,airplane
plane,aeroplane
plane,flat
plane,skim
plane,level
plane,even
plane,shave
plane,sheet
plane,planing machine
plane,woodworking plane
yacht,racing yacht
yacht,sailboat
yacht,boat
yacht,sailing
yacht,vessel
yacht,ship
yacht,marina
yacht,cruiser
yacht,boating
yacht,cabin
vessel,watercraft
vessel,vas
vessel,ship
vessel,trawler
vessel,ships
vessel,boat
vessel,warship
vessel,freighter
vessel,tugboat
vessel,boats
yachting,boating
yachting,sailing
yachting,sailboat
yachting,pleasure
yachting,junk
yachting,asea
yachting,windsurfing
yachting,regatta
yachting,multihull
yachting,yachtsmen
junk,detritus
junk,trash
junk,debris
junk,shit
junk,scrap
junk,rubble
junk,dust
junk,heroin
junk,smack
junk,scag
headscarf,hijab
headscarf,scarf
headscarf,veil
headscarf,handkerchief
headscarf,shroud
headscarf,cloak
headscarf,blanket
headscarf,drape
headscarf,kite
headscarf,elegant
crewman,sailor
crewman,crew member
crewman,seaman
crewman,crew
crewman,deckhand
crewman,mate
crewman,teammate
crewman,wingman
crewman,oar
crewman,sidekick
boater,waterman
boater,sailor
boater,boatman
boater,skimmer
boater,leghorn
boater,straw hat
boater,panama
boater,boating
boater,mariner
boater,navigator
leghorn,sailor
leghorn,straw hat
leghorn,panama
leghorn,skimmer
leghorn,boater
leghorn,comb
skimmer,boater
skimmer,straw hat
skimmer,sailor
skimmer,leghorn
skimmer,panama
skimmer,nozzle
bluejacket,sailor
bluejacket,navy man
bluejacket,sailor boy
bluejacket,tar
bluejacket,trannel
bluejacket,northmen
bluejacket,kickapoo
bluejacket,jennies
bluejacket,cln
bluejacket,kyley
panama,straw hat
panama,leghorn
panama,sailor
panama,skimmer
panama,boater
panama,costa
panama,peru
panama,colombia
panama,niger
panama,portugal
seaman,seafarer
seaman,mariner
seaman,gob
seaman,tar
seaman,jack-tar
seaman,old salt
seaman,sea dog
seaman,sailor
seaman,deckhand
seaman,sailors
jibe,gibe
jibe,barb
jibe,jib
jibe,correspond
jibe,slam
jibe,gybe
jibe,agree
jibe,fit
jibe,match
jibe,shot
gybe,jib
gybe,jibe
gybe,change course
gybe,sentire
gybe,zibeline
gybe,verglas
gybe,scarlet runner
gybe,apercu
gybe,chorist
gybe,helenus
resist,defy
resist,withstand
resist,baulk
resist,refuse
resist,stand
resist,balk
resist,stand firm
resist,protest
resist,hold out
resist,dissent
baulk,balk
baulk,resist
baulk,jib
baulk,rafter
baulk,gazump
baulk,cringe
baulk,flinch
baulk,scoff
baulk,averse
baulk,bristle
balk,baulk
balk,resist
balk,jib
balk,rafter
balk,flinch
balk,thwart
balk,retreat
genoa,genova
genoa,jib
genoa,geneva
genoa,monaco
genoa,marseille
genoa,toulouse
genoa,lorient
genoa,milan
genoa,leon
genoa,murcia
halyards,halliard
halyards,jib
halyards,topsail
halyards,ensign
halyards,backstay
halyards,forestay
halyards,headstay
halyards,mizzen
halyards,mainsail
halyards,daggerboard
furling,jib
furling,halyards
furling,backstay
furling,mizzen
furling,mainsail
furling,reefing
furling,trysail
furling,foresail
furling,forestay
furling,topmast
linen,linen paper
linen,cloth
linen,tablecloth
linen,napery
linen,bedding
linen,upholstery
linen,fabric
linen,laundry
linen,clothing
linen,bed
tablecloth,linen
tablecloth,cloth
tablecloth,table
tablecloth,sheet
tablecloth,laundry
tablecloth,cloak
tablecloth,piece
tablecloth,mantle
tablecloth,layer
tablecloth,book
garment,apparel
garment,dress
garment,garb
garment,clothe
garment,raiment
garment,tog
garment,enclothe
garment,fit out
garment,habilitate
garment,textile
blanket,cover
blanket,mantle
blanket,broad
blanket,encompassing
blanket,wide
blanket,comprehensive
blanket,panoptic
blanket,across-the-board
blanket,all-embracing
blanket,all-encompassing
robe,gown
robe,vest
robe,tunic
robe,cape
robe,garb
robe,blouse
robe,bathrobe
robe,nightgown
robe,dress
robe,cassock
yarn,tale
yarn,thread
yarn,narrative
yarn,story
yarn,narration
yarn,recital
yarn,wool
yarn,fabric
yarn,textile
yarn,weaving
apparel,clothing
apparel,garment
apparel,clothes
apparel,wear
apparel,dress
apparel,garb
apparel,clothe
apparel,raiment
apparel,vesture
apparel,tog
fibres,fiber
fibres,vulcanized fiber
fibres,character
fibres,fibers
fibres,fabrics
fibres,textile
fibres,textiles
fibres,fibreboard
fibres,yarns
fibres,flax
clothing,apparel
clothing,wear
clothing,vesture
clothing,wearing apparel
clothing,garments
clothing,outerwear
clothing,sportswear
clothing,underwear
clothing,sleepwear
clothing,lingerie
tariff,duty
tariff,pricing
tariff,price
tariff,tax
tariff,electricity
tariff,fares
tariff,textile
tariff,fee
tariff,rates
tariff,rate
model,exemplar
model,example
model,pattern
model,framework
model,mannequin
model,manakin
model,simulation
model,pilot
model,manikin
model,mock up
framing,framework
framing,formulating
framing,devising
framing,defining
framing,designing
framing,shaping
framing,structuring
framing,design
framing,definition
framing,drafting
frame,physique
frame,chassis
frame,inning
frame,shape
frame,framework
frame,skeleton
frame,put
frame,couch
frame,compose
frame,figure
principles,precept
principles,rationale
principles,rule
principles,tenets
principles,precepts
principles,ideals
principles,philosophy
principles,tenet
principles,philosophies
principles,doctrines
template,guide
template,templet
template,blueprint
template,framework
template,model
template,example
template,outline
template,standard
template,format
template,matrix
mechanism,mechanics
mechanism,chemical mechanism
mechanism,method
mechanism,framework
mechanism,system
mechanism,function
mechanism,pathway
mechanism,structure
mechanism,modality
mechanism,tool
blueprint,draft
blueprint,pattern
blueprint,design
blueprint,draught
blueprint,plan
blueprint,masterplan
blueprint,template
blueprint,outline
blueprint,framework
blueprint,proposal
parameters,parametric quantity
parameters,criteria
parameters,variables
parameters,framework
parameters,specifications
parameters,metrics
parameters,norms
parameters,requirements
parameters,characteristics
parameters,benchmarks
dress,frock
dress,attire
dress,garb
dress,garment
dress,coiffure
dress,coif
dress,raiment
dress,decorate
dress,primp
dress,clothe
garb,attire
garb,dress
garb,raiment
garb,apparel
garb,garment
garb,clothe
garb,tog
garb,enclothe
garb,fit out
garb,habilitate
clothe,raiment
clothe,dress
clothe,garment
clothe,adorn
clothe,apparel
clothe,garb
clothe,invest
clothe,tog
clothe,enclothe
clothe,fit out
raiment,finery
raiment,garb
raiment,regalia
raiment,dress
raiment,clothe
raiment,garment
raiment,apparel
raiment,tog
raiment,array
raiment,enclothe
tog,dress
tog,raiment
tog,clothe
tog,garment
tog,apparel
tog,garb
tog,enclothe
tog,fit out
tog,habilitate
tog,der
clothes,apparel
clothes,wear
clothes,vesture
clothes,wearing apparel
clothes,garments
clothes,dresses
clothes,fashions
clothes,attire
clothes,uniforms
clothes,outfits
tale,story
tale,narrative
tale,yarn
tale,narration
tale,fib
tale,recital
tale,taradiddle
tale,tarradiddle
tale,fable
tale,stories
thread,weave
thread,yarn
thread,string
thread,ribbon
thread,meander
thread,wind
thread,screw thread
thread,train of thought
thread,leitmotif
thread,weft
narrative,narration
narrative,story
narrative,tale
narrative,yarn
narrative,communicative
narrative,recital
narrative,communicatory
narrative,storytelling
narrative,storyline
narrative,depiction
story,tale
story,narrative
story,chronicle
story,narration
story,report
story,yarn
story,history
story,storey
story,account
story,fib
narration,narrative
narration,tale
narration,story
narration,recital
narration,yarn
narration,storytelling
narration,plot
narration,novel
narration,enumeration
narration,account
recital,recitation
recital,narration
recital,narrative
recital,reading
recital,yarn
recital,tale
recital,story
recital,soloist
recital,concert
recital,presentation
tales,story
tales,narrative
tales,yarn
tales,narration
tales,fib
tales,recital
tales,taradiddle
tales,tarradiddle
tales,stories
tales,anecdotes
fabrications,manufacture
fabrications,assembly
fabrications,fictionalisation
fabrications,prevarication
fabrications,fictionalization
fabrications,fiction
fabrications,lying
fabrications,fable
fabrications,untruths
fabrications,yarns
threads,duds
threads,togs
threads,strands
threads,yarns
threads,yarn
threads,themes
threads,strings
threads,filaments
threads,twines
threads,cords
fibre,fiber
fibre,vulcanized fiber
fibre,character
fibre,optical
fibre,fibreboard
fibre,fibreglass
fibre,fibers
fibre,textiles
fibre,cellulose
fibre,fibrous
character,persona
character,role
character,eccentric
character,type
character,grapheme
character,reference
character,part
character,fictional character
character,quality
character,lineament
strands,fibril
strands,filament
strands,string
strands,chain
strands,maroon
strands,threads
strands,fibers
strands,filaments
strands,bits
strands,elements
flax,linseed
flax,flaxseed
flax,fibers
flax,linen
flax,fibres
flax,hackled
flax,fibre
flax,lino
flax,toad
flax,lin
trappings,furnishings
trappings,pitfalls
trappings,adornments
trappings,symbols
trappings,decorations
trappings,attributes
trappings,snares
trappings,ornaments
trappings,scavengers
trappings,signs
furniture,article of furniture
furniture,piece of furniture
furniture,furnishings
furniture,upholstery
furniture,furnishing
furniture,sofa
furniture,cabinets
furniture,lumber
furniture,fittings
furniture,carpentry
decor,interior decoration
decor,furnishings
decor,decorating
decor,decoration
decor,ornamentation
decor,ornament
decor,layout
decor,scenery
decor,backdrop
decor,picture
accessories,gadgets
accessories,furnishings
accessories,peripherals
accessories,fittings
accessories,items
accessories,components
accessories,devices
accessories,linings
accessories,miscellaneous
accessories,appliances
fittings,proper
fittings,just
fittings,accommodation
fittings,meet
fittings,adjustment
fittings,appointment
fittings,try-on
fittings,trying on
fittings,mountings
fittings,accessories
cabinets,locker
cabinets,console
cabinets,storage locker
cabinets,cupboards
cabinets,closets
cabinets,furniture
cabinets,enclosures
cabinets,boxes
cabinets,folders
cabinets,furnishings
fixtures,fittings
fixtures,furnishings
fixtures,appliances
fixtures,lights
fixtures,mountings
fixtures,installations
fixtures,installation
fixtures,performances
fixtures,accessories
fixtures,meetings
household,family
household,house
household,home
household,domestic
household,menage
household,housework
household,laundry
household,living
household,consumer
household,furniture
towels,napkins
towels,blankets
towels,cloths
towels,tissues
towels,rags
towels,pads
towels,pieces
towels,goats
towels,pears
towels,briefcases
robes,gown
robes,vest
robes,gowns
robes,dresses
robes,cloths
robes,tunics
robes,clothes
robes,coats
robes,togas
robes,garments
dresses,frock
dresses,attire
dresses,garb
dresses,garment
dresses,coiffure
dresses,coif
dresses,raiment
dresses,decorate
dresses,primp
dresses,clothe
hooey,poppycock
hooey,stuff
hooey,stuff and nonsense
hooey,hogwash
hooey,baloney
hooey,hokum
hooey,horseshit
hooey,bullshit
hooey,codswallop
hooey,balderdash
whatchamacallit,stuff
whatchamacallit,sundry
whatchamacallit,sundries
whatchamacallit,whatsis
whatchamacallit,thingamajig
whatchamacallit,thingamabob
whatchamacallit,whatsit
whatchamacallit,thingy
whatchamacallit,dingus
whatchamacallit,whaddaya
poppycock,hooey
poppycock,stuff
poppycock,stuff and nonsense
poppycock,hogwash
poppycock,balderdash
poppycock,baloney
poppycock,codswallop
poppycock,nonsense
poppycock,tosh
poppycock,ludicrous
shove,jostle
shove,thrust
shove,squeeze
shove,stuff
shove,push
shove,stick
shove,screw
shove,swallow
shove,throw
shove,cram
jam,pickle
jam,cram
jam,stuff
jam,mess
jam,crush
jam,hole
jam,ram
jam,fill
jam,throng
jam,fill up
cram,ram
cram,fill
cram,jam
cram,stuff
cram,swot
cram,pack
cram,drum
cram,wad
cram,fill up
cram,get up
lug,tote
lug,stuff
lug,lugworm
lug,tug
lug,block
lug,choke up
lug,lobworm
lug,lugsail
lug,schlep
lug,drag
clobber,drub
clobber,thrash
clobber,lick
clobber,stuff
clobber,bat
clobber,batter
clobber,baste
clobber,trounce
clobber,beat
clobber,stomp
sundries,sundry
sundries,stuff
sundries,whatchamacallit
sundries,whatsis
sundries,housewares
sundries,consumables
sundries,miscellaneous
sundries,kitchenware
sundries,paraphernalia
sundries,ironmongery
significant,substantial
significant,considerable
significant,large
significant,noteworthy
significant,monumental
significant,meaningful
significant,profound
significant,big
significant,important
significant,remarkable
considerable,substantial
considerable,significant
considerable,sizeable
considerable,sizable
considerable,appreciable
considerable,extensive
considerable,goodly
considerable,hefty
considerable,respectable
considerable,wide
substantive,meaningful
substantive,substantial
substantive,meaty
substantive,essential
substantive,in essence
substantive,constructive
substantive,factual
substantive,procedural
substantive,formal
substantive,qualitative
strong,solid
strong,robust
strong,strengthened
strong,powerful
strong,forceful
strong,substantial
strong,stiff
strong,potent
strong,heavy
strong,vehement
solid,strong
solid,good
solid,solidified
solid,hard
solid,substantial
solid,jelled
solid,unbroken
solid,semisolid
solid,satisfying
solid,worthy
real,genuine
real,really
real,actual
real,true
real,realistic
real,tangible
real,serious
real,literal
real,substantial
real,very
essential,vital
essential,indispensable
essential,important
essential,crucial
essential,necessary
essential,necessity
essential,basic
essential,requirement
essential,must
essential,staple
satisfying,rewarding
satisfying,gratifying
satisfying,pleasing
satisfying,satisfactory
satisfying,satisfaction
satisfying,comforting
satisfying,hearty
satisfying,wholesome
satisfying,solid
satisfying,appreciated
hearty,warm
hearty,lusty
hearty,wholesome
hearty,healthy
hearty,satisfying
hearty,cordial
hearty,solid
hearty,substantial
hearty,complete
hearty,full-blooded
tapestry,tapis
tapestry,arras
tapestry,fabric
tapestry,mosaic
tapestry,jigsaw
tapestry,wallpaper
tapestry,gobelin
tapestry,weaving
tapestry,patchwork
tapestry,upholstery
weft,woof
weft,pick
weft,filling
weft,fabric
weft,weave
weft,twining
weft,thread
weft,pattern
weft,backbone
weft,storyline
woven,fabric
woven,braided
woven,cloth
woven,fabrics
woven,intricately
woven,interlaced
woven,polyester
woven,integrated
woven,cultivated
woven,built
pertinent,relevant
pertinent,apposite
pertinent,appropriate
pertinent,apropos
pertinent,apt
pertinent,to the point
pertinent,germane
pertinent,pertaining
pertinent,important
pertinent,useful
germane,relevant
germane,related
germane,pertinent
germane,pertaining
germane,apropos
germane,appropriate
germane,linked
germane,associated
germane,afferent
germane,own
applicable,relevant
applicable,practical
applicable,applicative
applicable,applicatory
applicable,applies
applicable,apply
applicable,required
applicable,pertain
applicable,inapplicable
applicable,practicable
related,associated
related,concerning
related,regarding
related,correlated
related,correlate
related,germane
related,connected
related,incidental
related,relevant
related,corresponding
crucial,pivotal
crucial,important
crucial,critical
crucial,essential
crucial,decisive
crucial,determinant
crucial,determining
crucial,relevant
crucial,determinative
crucial,deciding
carnal,fleshly
carnal,sensual
carnal,bodily
carnal,physical
carnal,animal
carnal,sexual
carnal,intercourse
carnal,corporal
physical,bodily
physical,physiological
physical,corporeal
physical,personal
physical,natural
physical,somatic
physical,physiologic
physical,fleshly
physical,carnal
physical,forceful
somatic,bodily
somatic,corporeal
somatic,physical
somatic,corporal
somatic,tissue
somatic,body
somatic,egg
corporal,incarnate
corporal,corporeal
corporal,bodily
corporal,somatic
corporal,physical
corporal,embodied
corporal,corporate
corporal,material
corporal,bodied
corporal,sergeant
physiological,physiologic
physiological,physical
physiological,physiology
physiological,biological
physiological,bodily
physiological,psychological
physiological,nutrient
physiological,biology
physiological,normal
physiological,saline
kinesthetic,kinaesthetic
kinesthetic,bodily
kinesthetic,proprioceptive
kinesthetic,sensory
kinesthetic,tactile
kinesthetic,somatosensory
kinesthetic,nonverbal
kinesthetic,auditory
kinesthetic,synesthetic
kinesthetic,haptic
body,torso
body,trunk
body,consistence
body,consistency
body,personify
body,dead body
body,organic structure
body,physical structure
body,corpse
body,dead
godhead,divine
godhead,lord
godhead,almighty
godhead,jehovah
godhead,creator
godhead,god almighty
godhead,bodily
godhead,inenarrable
materialistic,worldly
materialistic,bourgeois
materialistic,conservative
materialistic,mercenary
materialistic,middle-class
materialistic,worldly-minded
materialistic,sensate
materialistic,utilitarian
materialistic,tangible
materialistic,physical
mundane,quotidian
mundane,everyday
mundane,workaday
mundane,unremarkable
mundane,routine
mundane,worldly
mundane,ordinary
mundane,earthly
mundane,terrestrial
mundane,terrene
temporal,earthly
temporal,impermanent
temporal,worldly
temporal,temporary
temporal,profane
temporal,chronological
temporal,lobe
temporal,frontal
temporal,secular
temporal,reclusion
blase,unconcerned
blase,bored
blase,uninterested
blase,sophisticated
blase,worldly
blase,nonchalant
blase,complacent
blase,indifferent
blase,apathetic
blase,dismissive
sophisticated,advanced
sophisticated,refined
sophisticated,intelligent
sophisticated,urbane
sophisticated,cosmopolitan
sophisticated,polished
sophisticated,blase
sophisticated,worldly
sophisticated,intellectual
sophisticated,svelte
profane,irreverent
profane,blasphemous
profane,sacrilegious
profane,unhallowed
profane,dirty
profane,violate
profane,debase
profane,desecrate
profane,deprave
profane,debauch
mercenary,freelance
mercenary,mercantile
mercenary,materialistic
mercenary,worldly
mercenary,paid
mercenary,moneymaking
mercenary,commercial
mercenary,soldier of fortune
mercenary,worldly-minded
mercenary,merc
economic,economical
economic,profitable
economic,worldly
economic,efficient
economic,economy
economic,macroeconomic
economic,economies
economic,financial
economic,economically
economic,growth
terrestrial,planetary
terrestrial,earthly
terrestrial,telluric
terrestrial,land
terrestrial,mundane
terrestrial,worldly
terrestrial,tellurian
terrestrial,terrene
terrestrial,sublunar
terrestrial,sublunary
issue,topic
issue,matter
issue,subject
issue,issuance
issue,effect
issue,consequence
issue,publication
issue,publish
issue,outcome
issue,upshot
topic,issue
topic,subject
topic,theme
topic,matter
topic,discussion
topic,issues
topic,themes
topic,debate
topic,subjects
topic,question
thing,matter
thing,affair
thing,something
thing,stuff
thing,aspect
thing,reason
thing,kind
thing,everything
thing,way
thing,anything
subject,topic
subject,issue
subject,matter
subject,dependent
subject,content
subject,case
subject,taxable
subject,theme
subject,nonexempt
subject,subordinate
affair,affaire
affair,intimacy
affair,amour
affair,liaison
affair,involvement
affair,matter
affair,thing
affair,occasion
affair,social occasion
affair,romance
substance,pith
substance,content
substance,essence
substance,nub
substance,matter
substance,meat
substance,meaning
substance,gist
substance,sense
substance,inwardness
weigh,consider
weigh,count
weigh,matter
weigh,press
weigh,mull
weigh,weights
weigh,examine
weigh,weight
weigh,ponder
weigh,evaluate
count,tally
count,number
count,enumerate
count,weigh
count,reckoning
count,enumeration
count,matter
count,consider
count,reckon
count,numeration
question,query
question,doubt
question,wonder
question,dubiousness
question,interrogative
question,inquiry
question,interrogate
question,interview
question,interrogation
question,enquiry
incarnate,embodied
incarnate,embody
incarnate,corporeal
incarnate,corporal
incarnate,bodied
incarnate,corporate
incarnate,material
incarnate,body forth
incarnate,devil
embodied,incarnate
embodied,corporeal
embodied,bodied
embodied,corporate
embodied,corporal
embodied,material
embodied,personified
embodied,epitomized
embodied,incarnated
embodied,manifested
reincarnate,corporeal
reincarnate,material
reincarnate,resurrect
reincarnate,reborn
reincarnate,transfigure
reincarnate,revivify
reincarnate,reinvent
reincarnate,exorcize
reincarnate,immortalize
reincarnate,metamorphose
corporate,collective
corporate,corporeal
corporate,embodied
corporate,material
corporate,incarnate
corporate,incorporated
corporate,joint
corporate,organized
corporate,bodied
corporate,corporal
bodied,embodied
bodied,incarnate
bodied,corporeal
bodied,corporate
bodied,material
bodied,corporal
bodied,abie
perceptible,discernible
perceptible,noticeable
perceptible,perceivable
perceptible,detectable
perceptible,palpable
perceptible,tangible
perceptible,obvious
perceptible,faint
perceptible,recognizable
perceptible,sensible
palpable,perceptible
palpable,obvious
palpable,tangible
palpable,evident
palpable,noticeable
palpable,apparent
palpable,visible
palpable,manifest
palpable,vivid
palpable,real
concrete,tangible
concrete,solid
concrete,factual
concrete,real
concrete,objective
concrete,cement
concrete,precast
concrete,stone
concrete,substantive
concrete,practical
realizable,achievable
realizable,accomplishable
realizable,tangible
realizable,doable
realizable,possible
realizable,attainable
realizable,feasible
realizable,viable
realizable,workable
realizable,realistic
touchable,tangible
touchable,physical
touchable,material
touchable,tactile
touchable,graspable
touchable,lifelike
touchable,wearable
touchable,haptic
touchable,translucent
touchable,invisible
obvious,apparent
obvious,evident
obvious,glaring
obvious,conspicuous
obvious,overt
obvious,visible
obvious,salient
obvious,palpable
obvious,axiomatic
obvious,egregious
tactile,haptic
tactile,tangible
tactile,tactual
tactile,touch
tactile,hands-on
tactile,visual
tactile,sensory
tactile,intuitive
tactile,anaphia
tactile,touchable
